5c08519c964fd93cd8ca0ccd,5c081b4dc81b07033c27faf5,4
5c08519c964fd93cd8ca0ccd,5c08601ddd3f3f04281d78ae,3
5c08519c964fd93cd8ca0ccd,5c081d03c81b07033c27faf7,3
5c08519c964fd93cd8ca0ccd,5c081d14c81b07033c27faf8,5
5c08521ba13d4f3794a40c00,5c081d22c81b07033c27faf9,2
5c08521ba13d4f3794a40c00,5c081b4dc81b07033c27faf5,4
5c085222a13d4f3794a40c01,5c0864c924108432004d5990,3
5c085222a13d4f3794a40c01,5c081d14c81b07033c27faf8,4
5c085222a13d4f3794a40c01,5c08621d24108432004d598e,3
5c081aacc81b07033c27faf2,5c08621d24108432004d598e,4
5c081aacc81b07033c27faf2,5c08601ddd3f3f04281d78ae,3
5c081aacc81b07033c27faf2,5c0862a4a7626258844123ef,3
5c081aacc81b07033c27faf2,5c081b9cc81b07033c27faf6,3
5c081aacc81b07033c27faf2,5c08176ec81b07033c27faf1,3
5c0853cc516b503d9873c371,5c08621d24108432004d598e,4
5c0853cc516b503d9873c371,5c0861e724108432004d598d,5
5c0853cc516b503d9873c371,5c0862a4a7626258844123ef,5
5c0853cc516b503d9873c371,5c08601ddd3f3f04281d78ae,4
5c085248a13d4f3794a40c03,5c0864c924108432004d5990,3
5c085248a13d4f3794a40c03,5c08650724108432004d5991,4
5c085248a13d4f3794a40c03,5c081d14c81b07033c27faf8,5
5c081b0dc81b07033c27faf4,5c081b4dc81b07033c27faf5,3
5c081b0dc81b07033c27faf4,5c081b9cc81b07033c27faf6,4
5c081b0dc81b07033c27faf4,5c081d03c81b07033c27faf7,3
5c081b0dc81b07033c27faf4,5c08601ddd3f3f04281d78ae,4
